-- phpMyAdmin SQL Dump
-- version 3.5.3
-- http://www.phpmyadmin.net
--
-- Host: localhost
-- Czas wygenerowania: 24 Lip 2017, 02:22
-- Wersja serwera: 5.6.36
-- Wersja PHP: 5.3.29

SET SQL_MODE="NO_AUTO_VALUE_ON_ZERO";
SET time_zone = "+00:00";


/*!40101 SET @OLD_CHARACTER_SET_CLIENT=@@CHARACTER_SET_CLIENT */;
/*!40101 SET @OLD_CHARACTER_SET_RESULTS=@@CHARACTER_SET_RESULTS */;
/*!40101 SET @OLD_COLLATION_CONNECTION=@@COLLATION_CONNECTION */;
/*!40101 SET NAMES utf8 */;

--
-- Baza danych: `daniel82_kwtest`
--

-- --------------------------------------------------------

--
-- Struktura tabeli dla tabeli `aids`
--

CREATE TABLE IF NOT EXISTS `aids` (
  `id` int(11) NOT NULL AUTO_INCREMENT,
  `aid` varchar(255) NOT NULL,
  `created_at` datetime NOT NULL DEFAULT CURRENT_TIMESTAMP,
  PRIMARY KEY (`id`)
) ENGINE=InnoDB  DEFAULT CHARSET=latin2 AUTO_INCREMENT=50 ;

--
-- Zrzut danych tabeli `aids`
--

INSERT INTO `aids` (`id`, `aid`, `created_at`) VALUES
(1, '11500851369', '2017-07-24 01:17:52'),
(2, '11500851872', '2017-07-24 01:18:03'),
(3, '11500851883', '2017-07-24 01:18:22'),
(4, '11500851902', '2017-07-24 01:18:38'),
(5, '11500851918', '2017-07-24 01:19:09'),
(6, '11500851950', '2017-07-24 01:19:22'),
(7, '11500851962', '2017-07-24 01:19:49'),
(8, '11500851989', '2017-07-24 01:20:03'),
(9, '11500852003', '2017-07-24 01:20:16'),
(10, '11500852017', '2017-07-24 01:23:19'),
(11, '11500852018', '2017-07-24 01:23:19'),
(12, '11500852019', '2017-07-24 01:23:19'),
(13, '11500852020', '2017-07-24 01:23:19'),
(14, '11500852021', '2017-07-24 01:23:19'),
(15, '11500852022', '2017-07-24 01:23:19'),
(16, '11500852023', '2017-07-24 01:23:19'),
(17, '11500852024', '2017-07-24 01:23:19'),
(18, '11500852025', '2017-07-24 01:23:19'),
(19, '11500852026', '2017-07-24 01:23:19'),
(20, '11500852027', '2017-07-24 01:23:19'),
(21, '11500852028', '2017-07-24 01:23:19'),
(22, '11500852029', '2017-07-24 01:23:19'),
(23, '11500852030', '2017-07-24 01:23:19'),
(24, '11500852031', '2017-07-24 01:23:19'),
(25, '11500852032', '2017-07-24 01:23:19'),
(26, '11500852033', '2017-07-24 01:23:19'),
(27, '11500852034', '2017-07-24 01:23:19'),
(28, '11500852035', '2017-07-24 01:23:19'),
(29, '11500852036', '2017-07-24 01:23:19'),
(30, '11500852037', '2017-07-24 01:23:19'),
(31, '11500852038', '2017-07-24 01:23:19'),
(32, '11500852039', '2017-07-24 01:23:19'),
(33, '11500852040', '2017-07-24 01:23:19'),
(34, '11500852041', '2017-07-24 01:23:19'),
(35, '11500852042', '2017-07-24 01:23:19'),
(36, '11500852043', '2017-07-24 01:23:19'),
(37, '11500852044', '2017-07-24 01:23:19'),
(38, '11500852045', '2017-07-24 01:23:19'),
(39, '11500852046', '2017-07-24 01:23:19'),
(40, '11500852047', '2017-07-24 01:23:19'),
(41, '11500852048', '2017-07-24 01:23:19'),
(42, '11500852049', '2017-07-24 01:23:19'),
(43, '11500852050', '2017-07-24 01:23:19'),
(44, '11500852051', '2017-07-24 01:23:19'),
(45, '11500852052', '2017-07-24 01:23:19'),
(46, '11500852053', '2017-07-24 01:23:19'),
(47, '11500852054', '2017-07-24 01:23:19'),
(48, '11500852055', '2017-07-24 01:23:19'),
(49, '11500852056', '2017-07-24 01:23:19');

-- --------------------------------------------------------

--
-- Struktura tabeli dla tabeli `answers`
--

CREATE TABLE IF NOT EXISTS `answers` (
  `id` int(11) NOT NULL AUTO_INCREMENT,
  `user_id` int(11) NOT NULL,
  `question_id` int(11) NOT NULL,
  `answer` varchar(255) NOT NULL,
  `aid` varchar(255) NOT NULL,
  `created_at` datetime NOT NULL DEFAULT CURRENT_TIMESTAMP,
  PRIMARY KEY (`id`),
  KEY `user_id` (`user_id`),
  KEY `question_id` (`question_id`)
) ENGINE=InnoDB  DEFAULT CHARSET=latin2 AUTO_INCREMENT=99 ;

--
-- Zrzut danych tabeli `answers`
--

INSERT INTO `answers` (`id`, `user_id`, `question_id`, `answer`, `aid`, `created_at`) VALUES
(1, 1, 1, 'Daniel Kuczewski', '11500851369', '2017-07-24 01:17:52'),
(2, 1, 2, '25', '11500851369', '2017-07-24 01:17:52'),
(3, 1, 1, 'Jan Kowalski', '11500851872', '2017-07-24 01:18:03'),
(4, 1, 2, '34', '11500851872', '2017-07-24 01:18:03'),
(5, 1, 1, 'Adam Smith', '11500851883', '2017-07-24 01:18:22'),
(6, 1, 2, '23', '11500851883', '2017-07-24 01:18:22'),
(7, 1, 1, 'Jerzy Wiśniewski', '11500851902', '2017-07-24 01:18:38'),
(8, 1, 2, '34', '11500851902', '2017-07-24 01:18:38'),
(9, 1, 1, 'Grzegorz', '11500851918', '2017-07-24 01:19:09'),
(10, 1, 2, '29', '11500851918', '2017-07-24 01:19:09'),
(11, 1, 1, 'Sebastian', '11500851950', '2017-07-24 01:19:22'),
(12, 1, 2, '23', '11500851950', '2017-07-24 01:19:22'),
(13, 1, 1, 'Anna G', '11500851962', '2017-07-24 01:19:49'),
(14, 1, 2, '36', '11500851962', '2017-07-24 01:19:49'),
(15, 1, 1, 'Alicja S', '11500851989', '2017-07-24 01:20:03'),
(16, 1, 2, '32', '11500851989', '2017-07-24 01:20:03'),
(17, 1, 1, 'Kolejny przykład', '11500852003', '2017-07-24 01:20:16'),
(18, 1, 2, '49', '11500852003', '2017-07-24 01:20:16'),
(19, 1, 1, 'Janina Żelazna', '11500852017', '2017-07-24 01:23:19'),
(20, 1, 2, '90', '11500852017', '2017-07-24 01:23:19'),
(21, 1, 1, 'Janina Żelazna', '11500852018', '2017-07-24 01:23:19'),
(22, 1, 2, '90', '11500852018', '2017-07-24 01:23:19'),
(23, 1, 1, 'Janina Żelazna', '11500852019', '2017-07-24 01:23:19'),
(24, 1, 2, '90', '11500852019', '2017-07-24 01:23:19'),
(25, 1, 1, 'Janina Żelazna', '11500852020', '2017-07-24 01:23:19'),
(26, 1, 2, '90', '11500852020', '2017-07-24 01:23:19'),
(27, 1, 1, 'Janina Żelazna', '11500852021', '2017-07-24 01:23:19'),
(28, 1, 2, '90', '11500852021', '2017-07-24 01:23:19'),
(29, 1, 1, 'Janina Żelazna', '11500852022', '2017-07-24 01:23:19'),
(30, 1, 2, '90', '11500852022', '2017-07-24 01:23:19'),
(31, 1, 1, 'Janina Żelazna', '11500852023', '2017-07-24 01:23:19'),
(32, 1, 2, '90', '11500852023', '2017-07-24 01:23:19'),
(33, 1, 1, 'Janina Żelazna', '11500852024', '2017-07-24 01:23:19'),
(34, 1, 2, '90', '11500852024', '2017-07-24 01:23:19'),
(35, 1, 1, 'Janina Żelazna', '11500852025', '2017-07-24 01:23:19'),
(36, 1, 2, '90', '11500852025', '2017-07-24 01:23:19'),
(37, 1, 1, 'Janina Żelazna', '11500852026', '2017-07-24 01:23:19'),
(38, 1, 2, '90', '11500852026', '2017-07-24 01:23:19'),
(39, 1, 1, 'Janina Żelazna', '11500852027', '2017-07-24 01:23:19'),
(40, 1, 2, '90', '11500852027', '2017-07-24 01:23:19'),
(41, 1, 1, 'Janina Żelazna', '11500852028', '2017-07-24 01:23:19'),
(42, 1, 2, '90', '11500852028', '2017-07-24 01:23:19'),
(43, 1, 1, 'Janina Żelazna', '11500852029', '2017-07-24 01:23:19'),
(44, 1, 2, '90', '11500852029', '2017-07-24 01:23:19'),
(45, 1, 1, 'Janina Żelazna', '11500852030', '2017-07-24 01:23:19'),
(46, 1, 2, '90', '11500852030', '2017-07-24 01:23:19'),
(47, 1, 1, 'Janina Żelazna', '11500852031', '2017-07-24 01:23:19'),
(48, 1, 2, '90', '11500852031', '2017-07-24 01:23:19'),
(49, 1, 1, 'Janina Żelazna', '11500852032', '2017-07-24 01:23:19'),
(50, 1, 2, '90', '11500852032', '2017-07-24 01:23:19'),
(51, 1, 1, 'Janina Żelazna', '11500852033', '2017-07-24 01:23:19'),
(52, 1, 2, '90', '11500852033', '2017-07-24 01:23:19'),
(53, 1, 1, 'Janina Żelazna', '11500852034', '2017-07-24 01:23:19'),
(54, 1, 2, '90', '11500852034', '2017-07-24 01:23:19'),
(55, 1, 1, 'Janina Żelazna', '11500852035', '2017-07-24 01:23:19'),
(56, 1, 2, '90', '11500852035', '2017-07-24 01:23:19'),
(57, 1, 1, 'Janina Żelazna', '11500852036', '2017-07-24 01:23:19'),
(58, 1, 2, '90', '11500852036', '2017-07-24 01:23:19'),
(59, 1, 1, 'Janina Żelazna', '11500852037', '2017-07-24 01:23:19'),
(60, 1, 2, '90', '11500852037', '2017-07-24 01:23:19'),
(61, 1, 1, 'Janina Żelazna', '11500852038', '2017-07-24 01:23:19'),
(62, 1, 2, '90', '11500852038', '2017-07-24 01:23:19'),
(63, 1, 1, 'Janina Żelazna', '11500852039', '2017-07-24 01:23:19'),
(64, 1, 2, '90', '11500852039', '2017-07-24 01:23:19'),
(65, 1, 1, 'Janina Żelazna', '11500852040', '2017-07-24 01:23:19'),
(66, 1, 2, '90', '11500852040', '2017-07-24 01:23:19'),
(67, 1, 1, 'Janina Żelazna', '11500852041', '2017-07-24 01:23:19'),
(68, 1, 2, '90', '11500852041', '2017-07-24 01:23:19'),
(69, 1, 1, 'Janina Żelazna', '11500852042', '2017-07-24 01:23:19'),
(70, 1, 2, '90', '11500852042', '2017-07-24 01:23:19'),
(71, 1, 1, 'Janina Żelazna', '11500852043', '2017-07-24 01:23:19'),
(72, 1, 2, '90', '11500852043', '2017-07-24 01:23:19'),
(73, 1, 1, 'Janina Żelazna', '11500852044', '2017-07-24 01:23:19'),
(74, 1, 2, '90', '11500852044', '2017-07-24 01:23:19'),
(75, 1, 1, 'Janina Żelazna', '11500852045', '2017-07-24 01:23:19'),
(76, 1, 2, '90', '11500852045', '2017-07-24 01:23:19'),
(77, 1, 1, 'Janina Żelazna', '11500852046', '2017-07-24 01:23:19'),
(78, 1, 2, '90', '11500852046', '2017-07-24 01:23:19'),
(79, 1, 1, 'Janina Żelazna', '11500852047', '2017-07-24 01:23:19'),
(80, 1, 2, '90', '11500852047', '2017-07-24 01:23:19'),
(81, 1, 1, 'Janina Żelazna', '11500852048', '2017-07-24 01:23:19'),
(82, 1, 2, '90', '11500852048', '2017-07-24 01:23:19'),
(83, 1, 1, 'Janina Żelazna', '11500852049', '2017-07-24 01:23:19'),
(84, 1, 2, '90', '11500852049', '2017-07-24 01:23:19'),
(85, 1, 1, 'Janina Żelazna', '11500852050', '2017-07-24 01:23:19'),
(86, 1, 2, '90', '11500852050', '2017-07-24 01:23:19'),
(87, 1, 1, 'Janina Żelazna', '11500852051', '2017-07-24 01:23:19'),
(88, 1, 2, '90', '11500852051', '2017-07-24 01:23:19'),
(89, 1, 1, 'Janina Żelazna', '11500852052', '2017-07-24 01:23:19'),
(90, 1, 2, '90', '11500852052', '2017-07-24 01:23:19'),
(91, 1, 1, 'Janina Żelazna', '11500852053', '2017-07-24 01:23:19'),
(92, 1, 2, '90', '11500852053', '2017-07-24 01:23:19'),
(93, 1, 1, 'Janina Żelazna', '11500852054', '2017-07-24 01:23:19'),
(94, 1, 2, '90', '11500852054', '2017-07-24 01:23:19'),
(95, 1, 1, 'Janina Żelazna', '11500852055', '2017-07-24 01:23:19'),
(96, 1, 2, '90', '11500852055', '2017-07-24 01:23:19'),
(97, 1, 1, 'Janina Żelazna', '11500852056', '2017-07-24 01:23:19'),
(98, 1, 2, '90', '11500852056', '2017-07-24 01:23:19');

-- --------------------------------------------------------

--
-- Struktura tabeli dla tabeli `questions`
--

CREATE TABLE IF NOT EXISTS `questions` (
  `id` int(11) NOT NULL AUTO_INCREMENT,
  `content` varchar(255) NOT NULL,
  PRIMARY KEY (`id`)
) ENGINE=InnoDB  DEFAULT CHARSET=latin2 AUTO_INCREMENT=5 ;

--
-- Zrzut danych tabeli `questions`
--

INSERT INTO `questions` (`id`, `content`) VALUES
(1, 'Podaj imię i nazwisko'),
(2, 'Podaj wiek');

-- --------------------------------------------------------

--
-- Struktura tabeli dla tabeli `users`
--

CREATE TABLE IF NOT EXISTS `users` (
  `id` int(11) NOT NULL AUTO_INCREMENT,
  `email` varchar(255) NOT NULL,
  `password` varchar(255) NOT NULL,
  `status` tinyint(4) NOT NULL,
  `created_at` datetime NOT NULL DEFAULT CURRENT_TIMESTAMP,
  PRIMARY KEY (`id`)
) ENGINE=InnoDB  DEFAULT CHARSET=latin2 AUTO_INCREMENT=3 ;

--
-- Zrzut danych tabeli `users`
--

INSERT INTO `users` (`id`, `email`, `password`, `status`, `created_at`) VALUES
(1, 'daniel820511@gmail.com', '65fa6ec749a3efbe9cf166aec4071271d8f4fdc1', 0, '2017-07-23 23:27:03'),
(2, 'kwtest@sh7.pl', '5d5fff495988fd4bc7e3bf9d2dd3d29edb6e754e', 1, '2017-07-23 23:28:39');

--
-- Ograniczenia dla zrzutów tabel
--

--
-- Ograniczenia dla tabeli `answers`
--
ALTER TABLE `answers`
  ADD CONSTRAINT `answers_ibfk_1` FOREIGN KEY (`user_id`) REFERENCES `users` (`id`),
  ADD CONSTRAINT `answers_ibfk_2` FOREIGN KEY (`question_id`) REFERENCES `questions` (`id`);

/*!40101 SET CHARACTER_SET_CLIENT=@OLD_CHARACTER_SET_CLIENT */;
/*!40101 SET CHARACTER_SET_RESULTS=@OLD_CHARACTER_SET_RESULTS */;
/*!40101 SET COLLATION_CONNECTION=@OLD_COLLATION_CONNECTION */;
